{
  "$schema": "https://schema.management.azure.com/schemas/2019-04-01/deploymentTemplate.json#",
  "contentVersion": "1.0.0.0",
  "parameters": {
    "workspaceName": {
      "type": "string",
      "metadata": {
        "description": "The name of the Azure Databricks workspace to create."
      }
    },
    "pricingTier": {
      "type": "string",
      "defaultValue": "standard",
      "allowedValues": [
        "standard",
        "premium"
      ],
      "metadata": {
        "description": "The pricing tier of workspace."
      }
    },
    "storageAccountName": {
      "type": "string",
      "metadata": {
        "description": "The name of the Azure Storage Account to create."
      }
    },
    "containerName": {
      "type": "string",
      "metadata": {
        "description": "The name of the container to create."
      }
    },
    "location": {
      "type": "string",
      "defaultValue": "[resourceGroup().location]",
      "metadata": {
        "description": "Location for all resources."
      }
    }
  },
  "variables": {
    "managedResourceGroupName": "[concat('databricks-rg-', parameters('workspaceName'), '-', uniqueString(parameters('workspaceName'), resourceGroup().id))]"
  },
  "resources": [
    {
      "type": "Microsoft.Storage/storageAccounts",
      "apiVersion": "2019-06-01",
      "name": "[parameters('storageAccountName')]",
      "location": "[parameters('location')]",
      "sku": {
        "name": "Standard_LRS",
        "tier": "Standard"
      },
      "kind": "StorageV2",
      "properties": {
        "accessTier": "Hot"
      },
      "resources": [
        {
          "type": "blobServices/containers",
          "apiVersion": "2019-06-01",
          "name": "[concat('default/', parameters('containerName'))]",
          "dependsOn": [
            "[parameters('storageAccountName')]"
          ]
        }
      ]
    },
    {
      "type": "Microsoft.Databricks/workspaces",
      "apiVersion": "2018-04-01",
      "name": "[parameters('workspaceName')]",
      "location": "[parameters('location')]",
      "sku": {
        "name": "[parameters('pricingTier')]"
      },
      "properties": {
        "managedResourceGroupId": "[subscriptionResourceId('Microsoft.Resources/resourceGroups', variables('managedResourceGroupName'))]"
      }
    }
  ],
  "outputs": {
    "workspaceId": {
      "type": "string",
      "value": "[resourceId('Microsoft.Databricks/workspaces', parameters('workspaceName'))]"
    },
    "workspaceUrl": {
      "type": "string",
      "value": "[reference(resourceId('Microsoft.Databricks/workspaces', parameters('workspaceName'))).workspaceUrl]"
    }
  }
}